,fake_id,gender,real_id
0,719556,M,0
1,659217,M,253
2,412447,F,2
3,425878,M,19
4,434702,M,3
5,891708,M,5
6,973331,F,
7,175771,M,6
8,237933,M,843
9,154907,M,
10,683990,F,
11,746079,M,8
12,410700,M,809
13,564337,M,
14,540438,M,310
15,964518,M,
16,981796,F,11
17,845702,F,13
18,400660,M,570
19,671494,F,
20,142554,M,
21,21293,M,
22,896650,M,456
23,556088,M,20
24,929309,M,33
25,759101,M,21
26,350753,M,251
27,939007,M,23
28,428760,M,25
29,885524,M,278
30,86418,M,27
31,65840,M,981
32,219381,M,30
33,24172,F,
34,204833,M,
35,487003,F,
36,731529,F,378
37,811928,M,35
38,332531,F,677
39,564034,F,
40,572755,M,712
41,193188,F,
42,540083,F,
43,848067,F,36
44,643791,M,783
45,993587,F,38
46,511773,M,444
47,132308,F,
48,680555,M,139
49,18208,M,39
50,583580,M,928
51,597554,F,43
52,791956,F,269
53,41817,F,
54,787771,M,667
55,851097,F,
56,974219,F,
57,730150,F,53
58,262530,F,82
59,513872,F,
60,730689,F,980
61,223316,F,
62,699767,F,338
63,443489,F,56
64,619319,F,657
65,32043,M,
66,962923,M,569
67,744041,F,57
68,887592,F,
69,467961,F,59
70,31341,M,731
71,437901,M,63
72,346115,M,
73,663906,M,64
74,555783,M,
75,197127,M,
76,88867,M,217
77,893446,M,
78,262908,F,
79,601395,M,631
80,513922,M,
81,415341,M,215
82,727850,F,
83,776299,M,274
84,964281,F,
85,754442,M,786
86,373932,F,
87,243895,M,332
88,434739,F,
89,181459,M,489
90,335592,F,75
91,748843,F,808
92,39668,M,
93,183338,M,447
94,200081,M,76
95,398198,M,
96,620756,F,77
97,948243,M,776
98,983000,F,
99,480154,F,
100,212080,M,468
101,924655,F,78
102,885756,M,307
103,81616,F,54
104,142258,F,83
105,861548,M,
106,906958,F,625
107,212641,M,
108,795056,M,890
109,304404,F,
110,432498,M,842
111,567901,F,
112,830723,F,88
113,479805,M,893
114,801198,F,
115,424056,M,793
116,76844,F,
117,172318,F,774
118,83921,F,91
119,489793,M,66
120,407893,M,
121,882198,F,855
122,547343,F,97
123,19542,F,
124,672734,M,98
125,150952,F,591
126,950647,M,99
127,131294,M,889
128,304340,M,100
129,645412,M,671
130,882645,M,
131,883837,M,28
132,58215,F,
133,965006,F,111
134,459793,M,109
135,766638,M,
136,325346,F,114
137,300599,F,909
138,929433,M,116
139,53557,F,513
140,150851,M,
141,988883,F,
142,405378,F,
143,980812,F,123
144,781451,M,
145,161516,F,125
146,695459,M,520
147,45786,M,126
148,317497,F,495
149,452972,M,128
150,913739,M,290
151,343814,M,129
152,357189,F,197
153,347924,M,130
154,609308,M,
155,354290,F,132
156,594672,F,685
157,678365,F,134
158,724717,F,747
159,877647,F,
160,676609,M,136
161,810706,M,
162,471524,F,137
163,166267,M,904
164,631237,F,
165,598616,M,138
166,700216,M,963
167,462550,M,141
168,823442,M,142
169,941271,F,
170,447152,F,266
171,766497,F,149
172,727752,F,70
173,332194,F,151
174,596908,M,241
175,702527,M,
176,327741,F,153
177,86502,F,154
178,323892,F,850
179,578040,F,159
180,521595,M,811
181,750658,F,
182,242784,F,728
183,299870,F,
184,98205,F,235
185,271816,F,167
186,638606,F,49
187,82466,F,
188,791494,F,505
189,904390,F,
190,383271,F,906
191,583171,M,
192,98250,M,362
193,495809,M,
194,369677,M,
195,32253,F,699
196,662555,F,
197,736509,M,917
198,944542,F,
199,209720,M,839
200,642340,M,171
201,410055,F,173
202,867535,F,372
203,945995,M,
204,353345,F,604
205,888653,M,
206,343260,M,
207,764987,M,177
208,843216,M,424
209,167854,M,179
210,864129,M,789
211,119516,M,
212,564863,M,184
213,553046,M,181
214,258664,M,183
215,608696,M,959
216,830258,M,425
217,251514,M,
218,42117,M,
219,947038,M,
220,959330,M,
221,721641,M,
222,910795,F,74
223,134571,M,186
224,37554,F,257
225,131414,M,187
226,226856,M,
227,858691,M,
228,586863,M,190
229,561679,M,
230,75660,F,193
231,972993,M,102
232,521728,F,194
233,103931,M,795
234,804129,F,195
235,842295,M,
236,639528,M,750
237,953774,M,196
238,593725,F,256
239,332245,F,
240,673339,F,498
241,190492,M,198
242,9701,M,691
243,413150,F,
244,307509,M,207
245,518618,F,199
246,548078,F,768
247,241006,M,
248,515385,M,218
249,681835,F,
250,93860,F,229
251,465268,F,
252,75398,F,44
253,581427,F,205
254,58144,M,298
255,814856,F,
256,682875,M,263
257,968782,M,
258,124210,F,974
259,211802,M,206
260,811202,F,589
261,371574,F,707
262,34802,M,208
263,154526,F,535
264,825151,M,209
265,104049,M,598
266,447616,F,
267,58304,M,969
268,9832,F,
269,168918,M,212
270,106034,F,965
271,946711,F,213
272,434676,F,285
273,655220,F,
274,756067,F,
275,192717,M,
276,7955,F,230
277,35222,F,515
278,432962,F,220
279,24391,M,
280,266902,F,
281,905451,M,120
282,538059,M,
283,307206,F,905
284,633151,M,
285,23975,F,678
286,820450,M,
287,803098,F,242
288,518526,F,232
289,927887,M,234
290,682601,F,659
291,420459,M,
292,158515,M,442
293,845608,M,236
294,517995,F,502
295,72505,M,237
296,423526,M,238
297,80996,F,572
298,578365,M,
299,690325,M,942
300,711072,M,
301,534495,M,632
302,391278,F,244
303,578084,M,279
304,744628,F,245
305,170385,F,870
306,570394,F,246
307,414036,F,623
308,142381,M,249
309,735520,F,779
310,601275,M,635
311,563149,M,252
312,378575,F,517
313,540406,M,
314,498715,F,664
315,540822,M,
316,564195,F,406
317,423722,F,254
318,830217,M,
319,592040,F,616
320,845269,M,
321,64502,M,
322,823687,F,857
323,896656,F,259
324,3024,M,
325,650443,F,885
326,887382,F,
327,615142,F,469
328,549355,F,
329,557709,M,
330,907424,F,394
331,813874,F,265
332,600669,M,976
333,128705,F,
334,15523,F,357
335,140065,M,
336,373287,F,228
337,816721,M,271
338,443475,F,48
339,28126,M,
340,321654,M,119
341,458948,M,275
342,177436,M,933
343,39743,F,276
344,293558,M,676
345,659131,M,
346,703652,M,222
347,393010,F,
348,719604,F,800
349,301192,F,282
350,875831,F,775
351,327937,F,
352,791641,M,749
353,8060,F,264
354,633698,M,286
355,535198,F,956
356,513184,M,
357,413251,F,491
358,125513,F,289
359,670514,F,402
360,706521,F,967
361,246940,M,291
362,431527,M,376
363,371984,F,296
364,419237,M,721
365,950732,M,297
366,933145,F,523
367,163471,M,
368,69275,M,726
369,307662,F,
370,429538,M,805
371,961912,F,
372,639183,M,637
373,713476,F,308
374,832243,F,705
375,236388,M,579
376,655741,M,311
377,914878,F,343
378,985774,F,312
379,980268,F,320
380,104309,F,373
381,281487,F,
382,22536,M,472
383,886756,F,321
384,639186,F,493
385,820183,F,322
386,490140,F,
387,515291,M,323
388,735367,M,488
389,843469,F,
390,833011,M,
391,685569,M,
392,51008,M,299
393,114103,M,325
394,727272,F,328
395,856952,F,680
396,232789,M,
397,320544,M,628
398,895101,M,460
399,233754,F,
400,767176,M,932
401,226851,F,336
402,251553,M,261
403,956225,F,
404,950409,F,337
405,643144,F,397
406,983760,F,
407,899721,F,
408,601404,F,315
409,311403,M,339
410,625480,M,531
411,425261,F,
412,898734,F,
413,503578,M,888
414,166055,M,340
415,831076,M,961
416,146860,M,344
417,350135,F,87
418,600578,F,
419,539534,F,
420,358325,M,124
421,501075,M,
422,607814,F,925
423,768176,M,348
424,370384,M,445
425,415103,F,353
426,903777,F,555
427,386943,M,
428,433276,M,356
429,703576,F,
430,394317,F,408
431,389850,M,
432,193718,F,155
433,67502,F,358
434,162393,M,690
435,272930,M,360
436,712986,M,
437,227456,M,
438,180997,M,962
439,852434,M,
440,289676,M,669
441,736101,M,364
442,233194,M,534
443,127477,M,366
444,473184,M,
445,307389,M,309
446,339774,M,367
447,760738,F,897
448,982538,M,368
449,106578,F,510
450,722192,M,369
451,948811,M,443
452,234606,M,370
453,298312,M,371
454,663778,M,375
455,147508,M,856
456,827823,F,
457,382408,M,946
458,36024,F,379
459,70236,F,247
460,482146,M,382
461,505896,F,594
462,158293,M,
463,757414,M,461
464,697437,M,383
465,59280,M,365
466,477514,M,384
467,659799,M,
468,593582,M,385
469,122326,M,
470,589994,M,451
471,973755,M,389
472,159233,M,446
473,160238,M,390
474,490034,F,831
475,348676,F,
476,914431,F,330
477,214547,F,393
478,73774,F,268
479,568684,F,
480,304619,F,407
481,789644,M,650
482,961827,F,398
483,681401,F,688
484,363185,F,
485,510453,F,543
486,666871,F,
487,422718,M,497
488,121693,M,
489,613762,F,156
490,903192,F,
491,602607,F,558
492,517180,M,
493,834694,M,34
494,20987,F,
495,828223,M,796
496,659430,F,416
497,387625,M,971
498,651487,F,419
499,753978,M,694
500,751952,F,421
501,46150,F,575
502,498764,F,
503,584220,M,436
504,148683,F,
505,172622,F,
506,398703,F,791
507,932801,F,
508,967803,F,867
509,299092,F,
510,774791,M,423
511,469157,M,470
512,929079,M,
513,332854,F,401
514,845162,M,
515,607249,M,840
516,264587,M,428
517,101506,F,869
518,934062,M,434
519,237870,M,643
520,243071,M,
521,862702,M,438
522,926258,F,427
523,14048,F,440
524,548727,F,875
525,489851,M,441
526,900209,F,26
527,815260,M,185
528,685141,M,452
529,673708,M,387
530,794846,M,894
531,357713,M,
532,226455,M,578
533,286606,M,
534,434008,M,923
535,189448,M,
536,334604,M,539
537,324854,M,
538,171965,M,
539,343807,M,347
540,665417,M,464
541,90591,M,
542,309861,M,
543,465848,F,518
544,564284,F,
545,84658,M,892
546,528653,F,553
547,749609,F,474
548,299519,M,250
549,823844,M,
550,358037,F,482
551,617649,F,
552,926299,F,528
553,367116,F,
554,907146,F,191
555,28511,F,
556,229587,M,714
557,111801,F,478
558,120555,M,638
559,713610,F,481
560,157980,M,
561,427050,F,295
562,835489,F,486
563,320699,F,487
564,835583,M,716
565,475309,F,
566,278943,M,551
567,214323,F,494
568,785570,F,769
569,403044,M,938
570,136125,F,
571,650343,M,345
572,35825,F,
573,20373,F,51
574,748889,F,500
575,355930,F,281
576,701435,F,503
577,756303,F,
578,585113,F,439
579,940807,F,507
580,203557,F,782
581,401624,F,508
582,734819,M,457
583,921117,F,509
584,425123,F,829
585,946631,F,
586,20706,F,399
587,275292,F,
588,647884,F,784
589,187491,F,
590,612868,M,221
591,466338,F,516
592,858079,M,797
593,53366,F,
594,185857,F,887
595,394382,M,519
596,704852,M,521
597,462399,F,600
598,836826,M,522
599,338735,F,568
600,190517,F,524
601,492176,F,
602,318216,F,542
603,367823,F,527
604,156642,M,69
605,925926,F,529
606,818846,M,349
607,948433,F,530
608,621177,F,556
609,429147,M,532
610,33259,F,934
611,57384,M,
612,128973,M,161
613,725750,F,
614,257277,F,
615,402323,M,233
616,47531,F,
617,726893,F,
618,586149,F,536
619,144532,F,
620,796080,M,939
621,852154,F,
622,146385,F,96
623,335398,M,
624,316481,M,
625,226973,M,
626,647812,F,758
627,908951,F,540
628,587776,F,
629,554971,F,866
630,274883,M,541
631,120773,M,547
632,924643,F,548
633,493520,M,940
634,184688,F,
635,498827,M,970
636,4187,F,550
637,123518,F,955
638,373215,F,
639,267946,M,203
640,548086,F,
641,669403,M,948
642,391680,M,813
643,690045,F,557
644,650698,F,709
645,188945,F,
646,987111,F,595
647,253498,F,
648,877153,F,608
649,346484,M,
650,976606,M,562
651,487568,M,563
652,730959,F,564
653,788825,F,861
654,838111,F,566
655,704225,M,639
656,26164,F,
657,859303,F,777
658,230271,F,31
659,844696,M,314
660,942242,F,571
661,531275,F,403
662,974917,F,
663,10808,F,105
664,544026,M,573
665,545716,F,
666,843040,M,459
667,806236,M,576
668,279722,M,14
669,96238,F,178
670,554186,M,580
671,169504,M,891
672,145532,M,582
673,452593,F,
674,496270,M,584
675,885664,F,588
676,694045,M,453
677,100847,F,71
678,231141,F,
679,424207,F,270
680,238718,F,
681,627820,F,630
682,590318,F,593
683,409576,F,
684,140680,F,122
685,799443,F,596
686,95314,F,55
687,331739,F,597
688,555225,F,730
689,243674,F,
690,362769,M,844
691,284095,M,42
692,583633,F,432
693,235858,F,
694,643086,F,814
695,964650,M,610
696,895563,F,537
697,108347,F,612
698,125738,M,723
699,17972,F,613
700,486785,F,81
701,353336,M,
702,918474,F,615
703,432676,F,617
704,586859,F,620
705,372796,M,621
706,134636,M,
707,950039,F,317
708,133709,M,
709,988376,F,821
710,260530,F,626
711,832472,M,101
712,339532,M,627
713,600741,M,172
714,628068,M,
715,330395,F,46
716,776813,M,629
717,729577,F,214
718,606726,M,741
719,96016,F,
720,93347,M,
721,515427,M,
722,171126,F,490
723,931254,M,
724,347561,F,176
725,577868,M,645
726,255828,F,409
727,597544,F,647
728,221451,M,649
729,432544,F,414
730,719975,M,652
731,810670,F,45
732,377261,F,653
733,437817,F,301
734,946426,F,654
735,40079,F,
736,212410,F,160
737,994868,F,335
738,362112,F,660
739,569509,F,590
740,876865,F,663
741,80403,M,743
742,468507,F,
743,988033,M,668
744,521561,M,
745,830904,F,815
746,604085,M,
747,231415,F,404
748,880427,M,
749,243947,M,753
750,785387,M,670
751,689460,M,672
752,987918,M,841
753,124602,M,
754,305288,F,374
755,596679,M,675
756,477298,F,679
757,34896,F,504
758,904818,F,
759,104506,F,682
760,719261,F,686
761,438342,F,210
762,533261,M,687
763,51185,F,945
764,168910,M,
765,247035,M,736
766,779916,M,689
767,690867,M,454
768,761827,F,609
769,264027,M,692
770,890048,F,
771,39185,M,788
772,132398,M,697
773,145000,F,
774,231237,F,822
775,186251,F,700
776,720494,M,838
777,845892,F,701
778,338867,M,15
779,687356,F,702
780,598269,F,
781,789123,M,473
782,611671,M,
783,337387,F,
784,431294,F,954
785,600729,F,704
786,290991,F,
787,23275,F,431
788,526774,F,
789,476081,F,
790,492285,F,118
791,471743,M,
792,973402,F,918
793,1748,F,
794,747233,M,713
795,756678,F,827
796,606554,M,717
797,38751,F,719
798,644810,F,
799,51509,F,720
800,352105,M,
801,678481,M,722
802,641544,M,
803,654649,F,727
804,917565,F,
805,912792,F,
806,35514,F,
807,532107,M,
808,70534,F,
809,235403,F,729
810,507409,M,
811,814102,M,
812,949493,F,512
813,712220,M,733
814,112827,F,
815,723097,F,
816,572085,M,
817,888835,F,738
818,166448,M,739
819,107541,F,
820,484454,F,
821,53946,M,742
822,118525,M,744
823,6700,M,745
824,271692,F,112
825,635549,F,746
826,931801,M,748
827,177144,F,135
828,25465,M,
829,771029,M,754
830,21022,M,755
831,832693,M,
832,327721,M,
833,74527,F,760
834,548141,F,763
835,691856,F,767
836,387592,F,771
837,420420,M,773
838,345970,M,780
839,40292,F,
840,41590,F,479
841,557955,M,
842,126299,F,
843,921477,M,
844,607332,F,188
845,72858,M,790
846,502286,M,
847,794705,M,792
848,188406,M,798
849,179905,M,
850,206969,M,
851,934899,M,
852,842285,M,802
853,232545,M,
854,892829,M,
855,758439,M,
856,504036,F,
857,344752,F,
858,480018,M,
859,856628,F,824
860,494252,F,825
861,254284,F,
862,238299,F,
863,779975,F,
864,405916,F,
865,761294,F,833
866,778322,F,514
867,961533,F,
868,38815,M,837
869,474113,M,7
870,713011,M,62
871,619839,F,363
872,848901,M,
873,3370,M,
874,497565,M,
875,740114,F,559
876,114516,M,448
877,589441,M,
878,355265,F,106
879,40993,M,846
880,143770,M,847
881,161347,M,740
882,579485,F,
883,192847,F,554
884,422535,F,851
885,189106,F,
886,479786,M,761
887,642032,F,852
888,408497,M,646
889,184919,F,853
890,436654,M,703
891,166673,M,
892,212601,F,86
893,411718,F,
894,139161,F,280
895,272286,F,
896,898017,M,351
897,823296,F,919
898,198673,F,859
899,196079,F,876
900,566266,F,
901,939502,M,
902,573002,F,
903,873535,F,
904,303266,F,
905,143325,F,871
906,102182,F,874
907,270857,M,877
908,582026,F,400
909,199582,M,
910,823269,F,511
911,262265,M,
912,120385,F,880
913,3363,F,
914,830604,F,
915,567033,F,40
916,518950,M,882
917,512043,F,202
918,612231,F,883
919,387054,F,341
920,902910,M,958
921,609629,M,
922,639932,M,696
923,547601,F,734
924,173868,M,
925,674045,M,
926,622657,M,642
927,773577,M,896
928,74727,F,834
929,701930,F,898
930,895860,F,143
931,476565,F,
932,395868,M,810
933,601046,F,
934,242328,F,957
935,549343,F,899
936,527434,F,951
937,393136,F,
938,771458,F,133
939,957862,F,
940,673611,F,79
941,536216,F,901
942,2845,F,860
943,872652,F,
944,899446,M,60
945,863765,F,908
946,860392,M,
947,96802,F,334
948,207142,F,
949,432862,F,248
950,680866,F,912
951,329193,F,913
952,205900,M,787
953,402860,F,
954,645233,M,103
955,236458,F,830
956,633454,F,
957,991885,M,
958,257917,F,881
959,581088,F,
960,495984,M,449
961,304272,F,
962,458542,F,756
963,152670,M,931
964,346944,M,
965,990030,M,936
966,843156,M,937
967,237987,M,941
968,997169,F,391
969,407080,F,943
970,178286,F,
971,72500,F,944
972,822695,F,977
973,228272,F,949
974,78400,F,525
975,418725,M,952
976,770789,F,483
977,692226,M,
978,328627,F,
979,244769,F,
980,117830,F,710
981,737486,M,
982,104512,M,
983,997663,F,879
984,106744,M,964
985,851067,F,619
986,402036,M,966
987,63442,F,816
988,899357,M,903
989,913699,M,
990,97288,F,
991,708675,M,225
992,523282,F,
993,890148,F,
994,244729,F,817
995,242265,M,973
996,117942,M,818
997,998035,F,58
998,594380,M,975
999,681845,F,41
1000,374749,F,293
1001,512049,M,
1002,483840,F,979
1003,635913,F,953
1004,886758,F,
1005,341718,F,
1006,670859,F,386
1007,748635,F,982
1008,149664,F,
